{"train/loss_rpn_cls": 0.15508239939808846, "train/loss_rpn_bbox": 0.04467318767681718, "train/s0.loss_cls": 0.33227535754442217, "train/s0.acc": 94.30517578125, "train/s0.loss_bbox": 0.15518716529011725, "train/s1.loss_cls": 0.10046992368996144, "train/s1.acc": 97.48291015625, "train/s1.loss_bbox": 0.043034499399364, "train/s2.loss_cls": 0.03382612958550453, "train/s2.acc": 98.59765625, "train/s2.loss_bbox": 0.009375586397945881, "train/loss": 0.8739242607355118, "learning_rate": 0.0009940099999999996, "momentum": 0.9, "_runtime": 162, "_timestamp": 1633189400, "_step": 100}