{"train/loss_rpn_cls": 0.03250279290601611, "train/loss_rpn_bbox": 0.025988824348896742, "train/s0.loss_cls": 0.21236878797411918, "train/s0.acc": 93.40576171875, "train/s0.loss_bbox": 0.09507595736533403, "train/s1.loss_cls": 0.10464513871818781, "train/s1.acc": 93.48659637451172, "train/s1.loss_bbox": 0.089393640011549, "train/s2.loss_cls": 0.05111910969018936, "train/s2.acc": 93.49486541748047, "train/s2.loss_bbox": 0.0512861093133688, "train/loss": 0.6623803693056106, "learning_rate": 0.005, "momentum": 0.9, "_runtime": 5175, "_timestamp": 1633431860, "_step": 3405}