{"train/loss_rpn_cls": 0.0031941656890558077, "train/loss_rpn_bbox": 0.01030456525273621, "train/s0.loss_cls": 0.03872568715363741, "train/s0.acc": 98.4560546875, "train/s0.loss_bbox": 0.026551584349945187, "train/s1.loss_cls": 0.01215730281546712, "train/s1.acc": 99.0535432434082, "train/s1.loss_bbox": 0.023691128278151154, "train/s2.loss_cls": 0.0059506665088702, "train/s2.acc": 99.09133728027344, "train/s2.loss_bbox": 0.017450683992356063, "train/loss": 0.1380257833376527, "learning_rate": 5.000000000000001e-05, "momentum": 0.9, "_runtime": 31902, "_timestamp": 1633458587, "_step": 21997, "val/bbox_mAP": -1.0, "val/bbox_mAP_50": -1.0, "val/bbox_mAP_75": -1.0, "val/bbox_mAP_s": -1.0, "val/bbox_mAP_m": -1.0, "val/bbox_mAP_l": -1.0, "_wandb": {"runtime": 31904}}