{"train/loss_rpn_cls": 0.004491950041847303, "train/loss_rpn_bbox": 0.011874990044161678, "train/s0.loss_cls": 0.050899628810584546, "train/s0.acc": 98.02685546875, "train/s0.loss_bbox": 0.033346260990947486, "train/s1.loss_cls": 0.017028029598295687, "train/s1.acc": 98.68316787719726, "train/s1.loss_bbox": 0.02991702837869525, "train/s2.loss_cls": 0.008135484871454537, "train/s2.acc": 98.79213348388672, "train/s2.loss_bbox": 0.021656383955851198, "train/loss": 0.17734975516796112, "learning_rate": 0.0005, "momentum": 0.9, "_runtime": 26927, "_timestamp": 1633509494, "_step": 19091}