{"train/loss_rpn_cls": 0.015611256696283817, "train/loss_rpn_bbox": 0.020939220301806928, "train/s0.loss_cls": 0.12659702949225904, "train/s0.acc": 95.38623046875, "train/s0.loss_bbox": 0.0892492938786745, "train/s1.loss_cls": 0.05584524054080248, "train/s1.acc": 96.08414352416992, "train/s1.loss_bbox": 0.08243336647748947, "train/s2.loss_cls": 0.028041575122624635, "train/s2.acc": 96.09914657592773, "train/s2.loss_bbox": 0.048774291574954984, "train/loss": 0.4674912813305855, "learning_rate": 5.000000000000001e-05, "momentum": 0.9, "_runtime": 28135, "_timestamp": 1633547296, "_step": 17605, "val/bbox_mAP": 0.396, "val/bbox_mAP_50": 0.571, "val/bbox_mAP_75": 0.422, "val/bbox_mAP_s": 0.007, "val/bbox_mAP_m": 0.089, "val/bbox_mAP_l": 0.456, "_wandb": {"runtime": 28138}}