{"train/loss_rpn_cls": 0.01731307025067508, "train/loss_rpn_bbox": 0.02228938870597631, "train/s0.loss_cls": 0.1442451858520508, "train/s0.acc": 94.9423828125, "train/s0.loss_bbox": 0.09293083928525447, "train/s1.loss_cls": 0.06678548723459243, "train/s1.acc": 95.43575012207032, "train/s1.loss_bbox": 0.08479083347134292, "train/s2.loss_cls": 0.034506545783951875, "train/s2.acc": 95.31529663085938, "train/s2.loss_bbox": 0.049611724708229304, "train/loss": 0.5124730724096298, "learning_rate": 5.000000000000001e-05, "momentum": 0.9, "_runtime": 40548, "_timestamp": 1633268466, "_step": 46753, "val/bbox_mAP": 0.367, "val/bbox_mAP_50": 0.546, "val/bbox_mAP_75": 0.389, "val/bbox_mAP_s": 0.008, "val/bbox_mAP_m": 0.06, "val/bbox_mAP_l": 0.428, "_wandb": {"runtime": 40550}}