{"train/loss_rpn_cls": 0.024119245782494546, "train/loss_rpn_bbox": 0.02833744877949357, "train/s0.loss_cls": 0.18379423812031745, "train/s0.acc": 93.736328125, "train/s0.loss_bbox": 0.1139647214114666, "train/s1.loss_cls": 0.08894844986498356, "train/s1.acc": 93.96509902954102, "train/s1.loss_bbox": 0.10404969334602356, "train/s2.loss_cls": 0.04427134145051241, "train/s2.acc": 93.97190414428711, "train/s2.loss_bbox": 0.0570128046348691, "train/loss": 0.6444979441165924, "learning_rate": 5.000000000000001e-05, "momentum": 0.9, "_runtime": 40094, "_timestamp": 1633311262, "_step": 23425, "val/bbox_mAP": 0.296, "val/bbox_mAP_50": 0.485, "val/bbox_mAP_75": 0.309, "val/bbox_mAP_s": 0.028, "val/bbox_mAP_m": 0.102, "val/bbox_mAP_l": 0.357, "_wandb": {"runtime": 40097}}