{"train/loss_rpn_cls": 0.023638956621289252, "train/loss_rpn_bbox": 0.025529664885252715, "train/s0.loss_cls": 0.18487648531794548, "train/s0.acc": 93.681640625, "train/s0.loss_bbox": 0.1158957264944911, "train/s1.loss_cls": 0.088405946418643, "train/s1.acc": 94.06548400878906, "train/s1.loss_bbox": 0.1043311107158661, "train/s2.loss_cls": 0.04345872107893228, "train/s2.acc": 94.16648712158204, "train/s2.loss_bbox": 0.057548302188515664, "train/loss": 0.643684908747673, "learning_rate": 5.000000000000001e-05, "momentum": 0.9, "_runtime": 34996, "_timestamp": 1633425480, "_step": 21605, "val/bbox_mAP": 0.289, "val/bbox_mAP_50": 0.469, "val/bbox_mAP_75": 0.3, "val/bbox_mAP_s": 0.002, "val/bbox_mAP_m": 0.041, "val/bbox_mAP_l": 0.347, "_wandb": {"runtime": 35048}}