{"train/loss_rpn_cls": 0.0296181864105165, "train/loss_rpn_bbox": 0.01983554759994149, "train/s0.loss_cls": 0.23113890945911408, "train/s0.acc": 92.193359375, "train/s0.loss_bbox": 0.1250722623616457, "train/s1.loss_cls": 0.11150342248380184, "train/s1.acc": 92.44885482788087, "train/s1.loss_bbox": 0.11828780390322208, "train/s2.loss_cls": 0.05404430590569973, "train/s2.acc": 92.80205093383789, "train/s2.loss_bbox": 0.06708537619560957, "train/loss": 0.7565858089923858, "learning_rate": 0.005, "momentum": 0.9, "_runtime": 10285, "_timestamp": 1633573951, "_step": 6118, "val/bbox_mAP": 0.338, "val/bbox_mAP_50": 0.522, "val/bbox_mAP_75": 0.357, "val/bbox_mAP_s": 0.01, "val/bbox_mAP_m": 0.058, "val/bbox_mAP_l": 0.393}