{"train/loss_rpn_cls": 0.037449610941112044, "train/loss_rpn_bbox": 0.02170121624134481, "train/s0.loss_cls": 0.2514297220110893, "train/s0.acc": 91.677734375, "train/s0.loss_bbox": 0.14068134665489196, "train/s1.loss_cls": 0.12002032741904259, "train/s1.acc": 92.17718536376952, "train/s1.loss_bbox": 0.13137959457933904, "train/s2.loss_cls": 0.05730416126549244, "train/s2.acc": 92.42318496704101, "train/s2.loss_bbox": 0.07443789385259152, "train/loss": 0.8344038623571396, "learning_rate": 0.005, "momentum": 0.9, "_runtime": 8687, "_timestamp": 1633572353, "_step": 5190, "val/bbox_mAP": 0.296, "val/bbox_mAP_50": 0.476, "val/bbox_mAP_75": 0.318, "val/bbox_mAP_s": 0.017, "val/bbox_mAP_m": 0.051, "val/bbox_mAP_l": 0.345}