{"train/loss_rpn_cls": 0.028197315949946643, "train/loss_rpn_bbox": 0.022335375994443893, "train/s0.loss_cls": 0.21657755911350252, "train/s0.acc": 92.59228515625, "train/s0.loss_bbox": 0.12587608098983766, "train/s1.loss_cls": 0.09933305844664574, "train/s1.acc": 93.38125915527344, "train/s1.loss_bbox": 0.11854892745614051, "train/s2.loss_cls": 0.047250589057803154, "train/s2.acc": 93.61771255493164, "train/s2.loss_bbox": 0.06947318911552429, "train/loss": 0.7275921005010605, "learning_rate": 0.005, "momentum": 0.9, "_runtime": 16268, "_timestamp": 1633579934, "_step": 9741, "val/bbox_mAP": 0.366, "val/bbox_mAP_50": 0.537, "val/bbox_mAP_75": 0.398, "val/bbox_mAP_s": 0.013, "val/bbox_mAP_m": 0.079, "val/bbox_mAP_l": 0.422, "_wandb": {"runtime": 16337}}