{"train/loss_rpn_cls": 0.01928321538027376, "train/loss_rpn_bbox": 0.026497346838004886, "train/s0.loss_cls": 0.17069825179874898, "train/s0.acc": 94.09765625, "train/s0.loss_bbox": 0.0947282143123448, "train/s1.loss_cls": 0.0840160340629518, "train/s1.acc": 94.26164306640625, "train/s1.loss_bbox": 0.09230276096612215, "train/s2.loss_cls": 0.04079162236303091, "train/s2.acc": 94.42213485717774, "train/s2.loss_bbox": 0.05536730147898197, "train/loss": 0.5836847430467605, "learning_rate": 5.000000000000001e-05, "momentum": 0.9, "_runtime": 37237, "_timestamp": 1633226718, "_step": 44056, "_wandb": {"runtime": 37240}}