{"train/loss_rpn_cls": 0.022311394452117383, "train/loss_rpn_bbox": 0.02530988398939371, "train/s0.loss_cls": 0.1723380234837532, "train/s0.acc": 94.08349609375, "train/s0.loss_bbox": 0.10380471352487802, "train/s1.loss_cls": 0.08296692471951246, "train/s1.acc": 94.33528564453125, "train/s1.loss_bbox": 0.09627831280231476, "train/s2.loss_cls": 0.04172890562564135, "train/s2.acc": 94.47052093505859, "train/s2.loss_bbox": 0.05400309145450592, "train/loss": 0.5987412458658219, "learning_rate": 5.000000000000001e-05, "momentum": 0.9, "_runtime": 37585, "_timestamp": 1633349543, "_step": 23473, "val/bbox_mAP": 0.322, "val/bbox_mAP_50": 0.5, "val/bbox_mAP_75": 0.343, "val/bbox_mAP_s": 0.01, "val/bbox_mAP_m": 0.081, "val/bbox_mAP_l": 0.374, "_wandb": {"runtime": 37587}}