{"train/loss_rpn_cls": 0.008266608984558842, "train/loss_rpn_bbox": 0.013113692372571676, "train/loss_cls": 0.10518415171653032, "train/acc": 96.4560546875, "train/loss_bbox": 0.13825281791388988, "train/loss": 0.264817271605134, "learning_rate": 5.000000000000001e-05, "momentum": 0.9, "_runtime": 16661, "_timestamp": 1633023688, "_step": 46753, "val/bbox_mAP": 0.273, "val/bbox_mAP_50": 0.485, "val/bbox_mAP_75": 0.271, "val/bbox_mAP_s": 0.0, "val/bbox_mAP_m": 0.038, "val/bbox_mAP_l": 0.322, "_wandb": {"runtime": 16663}}