{"train/loss_rpn_cls": 0.037597720408812166, "train/loss_rpn_bbox": 0.02998492933809757, "train/s0.loss_cls": 0.25053817287087443, "train/s0.acc": 92.5693359375, "train/s0.loss_bbox": 0.13135614216327668, "train/s1.loss_cls": 0.12194045551121235, "train/s1.acc": 92.80082931518555, "train/s1.loss_bbox": 0.11301659632474184, "train/s2.loss_cls": 0.055193955581635236, "train/s2.acc": 93.41741882324219, "train/s2.loss_bbox": 0.05580337543040514, "train/loss": 0.7954313454031944, "learning_rate": 0.005, "momentum": 0.9, "_runtime": 1700, "_timestamp": 1633271078, "_step": 2002, "_wandb": {"runtime": 1739}}