{"train/loss_rpn_cls": 0.025658019203692674, "train/loss_rpn_bbox": 0.02693511638790369, "train/s0.loss_cls": 0.18584755986928939, "train/s0.acc": 93.73583984375, "train/s0.loss_bbox": 0.11503742769360542, "train/s1.loss_cls": 0.09034685783088207, "train/s1.acc": 94.03833221435546, "train/s1.loss_bbox": 0.10301811531186104, "train/s2.loss_cls": 0.04345905728638172, "train/s2.acc": 94.29486236572265, "train/s2.loss_bbox": 0.057172987908124924, "train/loss": 0.6474751448631286, "learning_rate": 5.000000000000001e-05, "momentum": 0.9, "_runtime": 37565, "_timestamp": 1633387657, "_step": 23473, "val/bbox_mAP": 0.288, "val/bbox_mAP_50": 0.45, "val/bbox_mAP_75": 0.306, "val/bbox_mAP_s": 0.005, "val/bbox_mAP_m": 0.058, "val/bbox_mAP_l": 0.355, "_wandb": {"runtime": 37568}}